Activity,100000156_at,393484_at,559856_at,561790_at,559475_at,431764_at,327588_at,494573_at,100004700_at,100148803_at,360208_at,393556_at,550419_at,100331270_at,322412_at,431765_at,568482_at,246092_at,562304_at,447925_at,100005071_at,368352_at,334438_at,322451_at,449556_at,100004231_at,100002805_at,553530_at,555679_at,558919_at,100005016_at,100006523_at,566996_at,558816_at,100124622_at,368924_at,100006428_at,100038777_at,100170833_at,553552_at,541344_at,436823_at,393511_at,550580_at,436734_at,100126128_at,573111_at,492500_at,100151256_at,334459_at,406452_at,553169_at,563265_at,566702_at,564241_at,325886_at
Non-Toxic,7.341077241,3.110128743,2.428821451,4.808372237,3.663144422,9.806561734,2.410840143,5.801479986,6.303023188,7.084676609,8.89721823,5.951885764,10.64251401,6.995892416,10.16679693,7.61825394,6.799998014,10.87296655,6.367398904,6.971852933,2.942496379,7.05821155,6.061961601,10.8260917,7.165413836,8.341132218,6.509756356,6.258522606,5.77797558,7.355692883,3.038430274,3.084471334,3.361504311,4.199648364,2.487599664,7.244930473,1.982251256,5.556523135,3.03246567,3.475210599,5.829566737,4.67474238,5.73917811,6.394795648,5.177504649,1.747871551,4.975121338,6.507743031,6.040321387,7.4128517,5.876975346,5.390837454,4.428047253,8.478359559,5.414138073,7.361822423
Toxic,4.700171877,2.820696302,3.292354484,5.774201072,1.74020437,7.257438758,2.549343402,5.706686687,4.684242915,4.508814058,8.274605865,5.428297706,8.253410807,5.129194449,7.598663423,7.60165541,6.114024782,8.356825047,5.908809195,4.272298553,4.561132468,5.237488107,5.300767447,8.712190219,5.784230369,7.909152718,4.832110589,4.711412771,3.537467799,4.776601488,2.71481942,3.328370315,3.160011214,4.899424496,2.152401117,7.02715939,2.559196906,4.535965582,3.37806234,3.182446316,5.34512749,4.423834519,5.666918087,5.211093329,4.362535642,1.576704913,4.757593049,5.092721049,4.945110232,4.170012501,5.09835761,4.58932846,5.135854734,5.456601772,4.602872944,4.774980879
Toxic,4.643599312,3.470812473,2.414984117,6.649006824,2.3670723,7.118429712,2.147187324,6.808177516,5.962018814,5.057391966,7.216809373,5.199765403,8.959853862,5.119880432,8.262207198,8.543106736,6.567302292,7.866168113,5.586049951,4.574964297,3.30102414,5.884168317,4.642196123,8.929628683,4.919598657,6.865472261,4.23025833,5.640086323,3.47507512,4.581530886,2.915864275,2.901508544,2.81139294,3.751755966,2.312112166,7.655252063,2.480500973,4.410775436,3.136643757,3.343550384,4.618915418,4.291150222,4.778374271,5.378840797,4.144944004,1.976269654,3.960284378,4.545376929,4.810328476,4.836746743,5.370550946,4.458417764,4.194888607,4.847090797,5.446088504,5.726440973
Toxic,6.650295202,3.059738364,2.962132362,5.386647351,2.780654097,9.580458823,2.691769513,5.867767012,6.17903205,6.567627638,8.311207939,5.701399667,10.29709651,6.237911316,9.943311739,7.961164967,6.895210885,10.48593699,5.740191039,6.751992807,4.053137254,6.993576326,5.898125588,10.35211671,7.183052351,8.441328741,6.77256734,5.952911657,5.724562225,7.081674164,3.021258689,3.000490173,3.690318566,4.764326212,2.150530654,8.48380944,2.34258347,5.519682153,3.248016444,3.393853947,5.409904106,4.442774062,5.059928213,6.058496865,4.677057269,1.996257028,4.909314147,6.487054055,5.815976452,7.273310473,5.845263313,5.85948412,4.82914381,8.216502538,8.006186605,7.470640639
Toxic,4.62871862,2.61556632,2.343475569,4.908430102,1.787634674,6.563047267,2.092970185,4.179130623,4.602577687,5.308555551,7.763415181,5.124908894,7.509760116,4.456424622,7.25042241,6.316151741,6.045511308,8.2699708,4.432826935,4.120572931,2.89925787,6.039191475,4.802563859,8.711421243,4.353241107,6.463993503,5.233591974,4.641078851,3.105358625,5.025941197,2.548013272,2.895241628,2.883636343,4.744733359,1.708795493,6.431894226,2.616991247,4.301067296,3.139015313,3.135888198,5.664808644,4.7037485,4.992602732,5.354575952,4.858843738,1.813925747,5.047909441,4.827917439,4.992841251,4.689250721,5.319382216,3.954370827,4.832463094,5.362924317,4.191064872,5.304391365
Toxic,4.119941415,2.801072943,3.643722137,6.041018649,1.786957425,7.143906079,2.093655071,5.903837196,5.006532738,4.47983064,8.325913259,5.757254327,8.286286797,5.496225531,7.456241305,7.765758652,6.02632644,9.099449698,5.244901393,4.1209073,2.823004165,5.868998487,5.111569409,8.920212228,5.715098329,7.627679684,4.891218788,4.717497275,3.532709047,4.886589978,2.898774996,3.123968489,3.47858504,5.382421055,2.041437499,6.800848835,2.435997609,4.709143374,3.274436398,3.806187495,4.602346676,4.556525497,5.507226378,5.384758618,4.199364062,1.942037366,4.739872144,4.756992523,4.706648668,5.006427653,5.369285867,4.712895737,4.680036947,6.087868017,4.954247306,4.994907369
Toxic,5.117460013,2.939233772,4.979587891,4.928738029,2.615979307,6.487288339,2.421010924,6.101043774,6.549312846,5.157260743,7.723452027,5.806033133,8.280660705,3.669842484,7.422515402,8.350709579,6.10287475,9.303154662,5.405998044,4.05301506,5.262949682,5.961921254,5.098458131,8.783506614,6.046236239,7.187333823,5.195541942,5.447381274,3.360030854,4.395622013,3.029049742,2.707754034,3.150331255,4.218209312,2.304120224,7.418325748,2.971545209,4.206127392,3.566784098,3.118003434,5.315614287,4.264639991,5.317789562,5.254705189,4.180604757,1.950752996,4.743913151,5.104353718,5.005107096,5.121395427,4.922884516,4.289814904,4.575794329,5.624119879,5.258696284,5.798427614
Non-Toxic,7.60778502,2.981348226,2.046861901,7.652330175,1.501242653,10.41667116,3.952844623,6.431952642,6.224412165,6.556820183,9.087833543,5.53797026,11.10893832,7.534891349,10.69359454,7.803062564,6.515584002,11.21623733,5.952774917,7.387428329,2.613208471,7.197236514,6.756342209,10.69517829,7.4848459,8.60235565,7.334900974,6.540261523,6.32199198,8.071537658,2.400893263,2.739294055,3.368619609,4.037118927,2.146731825,7.831988472,1.943897333,5.322336359,2.88852303,3.169960242,4.774991274,4.720421062,5.676559885,5.774967261,4.904920114,1.772847447,4.317059428,6.674784209,5.921889361,7.50834556,6.338151897,5.478588076,4.410943981,8.673369724,4.902253613,8.554673725
Toxic,5.452361718,3.006252799,3.936187535,7.214655625,1.977809713,5.792945852,2.505717847,6.479491275,5.343411126,6.314351278,6.782763766,4.990827822,7.788498222,3.693279698,7.262151907,7.805226628,6.341364198,8.475159252,4.68781397,4.135189978,5.425732383,5.617187595,4.971338004,8.087473903,5.172917723,4.272571481,4.370460346,4.136746986,3.760547928,4.932873974,2.906891704,2.595175869,2.860929562,4.215360208,2.187048869,4.376956284,2.00950928,4.476849078,3.020561957,3.250353556,5.065262968,4.648548013,4.738351907,4.649688359,4.39124518,1.664497604,4.950402726,4.640353351,4.291169374,2.647190833,4.650642973,4.676862938,4.251117626,4.391699371,6.499478923,5.413179976
Toxic,6.531041949,3.101753787,2.357097808,6.842184159,2.522794072,8.198308043,2.693581515,5.6548606,7.377693761,6.964185977,8.815441787,6.201031791,9.465399854,6.521533968,8.56470405,7.276948348,6.86174044,9.384693832,5.366726512,5.93643302,4.250998167,6.892298686,5.674532243,9.921287873,6.814046655,8.980803359,6.756707525,6.370090071,4.781748221,6.843218721,2.916441055,2.793288143,3.540814947,4.471805606,2.428866323,6.228208158,1.898888781,5.429874523,4.084787781,3.537956096,5.384383982,4.772918312,4.613339316,5.97252916,4.742871305,1.959883427,5.389246194,5.830402785,5.320526831,6.458409094,5.338265116,5.23716965,4.662216685,7.432398255,5.163388093,5.053942416
Toxic,5.181827258,2.410865204,3.254439129,3.860686531,3.334045396,7.878449973,2.604546353,6.879636691,5.748569255,5.675744755,6.789969455,5.761165552,8.943783108,4.579672932,8.364710851,8.391395415,6.280399951,9.551867233,5.589100606,4.099649961,5.489766125,5.806150164,4.884063128,9.540961555,6.138861741,5.0940256,4.713080585,4.784223039,3.945950888,5.217390823,2.621155468,3.16351983,3.056740495,3.580403485,2.157823138,5.679519123,1.841206174,4.225236442,3.562332261,3.290670335,4.312840581,4.709231376,4.689297993,4.746421346,4.495086598,1.698722401,5.243669387,4.762055547,4.966261267,6.347783329,5.335782621,4.48457102,4.210832644,4.654416332,4.651993128,6.378666095
Toxic,3.686350042,2.854933536,2.786997388,5.485399818,2.628815134,6.255672621,2.499294376,6.446291683,5.126977423,4.453644111,6.679397819,5.087119387,7.258572553,4.144966425,7.042622443,8.155154344,5.961955607,8.437627418,5.038029606,3.831338642,3.854705777,5.462592616,4.877491817,7.58131088,4.973617555,4.82000361,3.106358016,4.521302788,3.433669134,4.41149984,2.437539889,3.277254355,2.907683216,3.9603843,2.520302883,7.623005147,1.85655268,3.546212433,3.774225101,3.146529096,4.823655682,4.442157114,5.53229766,4.972019271,4.095016484,2.018155963,4.939374868,5.068627032,4.388978912,3.608402225,5.11044917,4.629869202,4.333338009,4.935655139,4.513599051,4.703000346
Toxic,11.12196485,6.110298592,2.729676924,3.712481105,2.450271254,10.51409469,4.408559419,5.67585042,5.716187679,8.744420386,9.032555401,7.650212854,11.27356661,5.263024067,10.57932889,6.941008753,8.535916655,10.68369801,5.886264119,6.832994897,2.539303024,8.358353045,5.801423576,10.95016901,7.387217372,9.006366131,6.172232673,6.221717598,5.942885285,7.521601775,2.636459778,3.505495293,4.854060854,4.469822378,2.400015792,7.148453757,2.151891151,6.251231321,3.579857746,3.874237933,5.640635227,5.190511302,5.979204556,5.833997444,5.127073746,1.761125711,5.325659541,7.344150702,6.499948778,7.706426926,6.760639274,6.021450461,5.086347212,8.621807062,5.015550276,7.965517901
Toxic,9.851734627,4.687689128,2.622720584,7.363801204,2.423779958,8.328998431,5.809341803,5.420388074,7.163238115,7.598722892,8.776212982,7.908023905,9.484100934,5.551192579,8.962495606,6.750199961,8.065196855,9.868189303,6.063770191,5.495346282,3.270854672,7.998870896,5.206339759,10.1072127,7.044214298,8.696095538,4.507859666,5.015449725,3.932984638,6.25366674,3.077842145,2.90442357,4.129847994,4.678234043,2.654175588,7.726456907,2.38913536,4.843363922,3.026465348,3.122824922,5.874146742,4.671864707,6.747232465,6.643585016,4.946498243,2.175464949,5.941891117,6.263438439,5.550541757,5.40225722,6.624991682,5.676909999,5.21173742,6.9844364,4.907156152,5.977190455
Toxic,4.139714302,2.614353417,3.34655805,4.277962209,2.203288986,6.702121426,2.337201858,6.832936123,4.616045957,4.573668131,6.069638427,5.085418068,7.461232299,4.330030967,6.989896587,8.007971663,6.208415382,8.456498766,3.85442878,3.691884779,6.450181901,4.384475645,4.621361641,8.043601778,4.977229723,4.105452609,3.710672032,4.862273072,3.396896239,4.512851359,3.281986478,3.841336745,3.751299043,4.344764358,2.654628149,6.523040735,2.459305741,4.592688044,3.165794278,2.967908102,4.538661127,4.406857255,4.695186915,4.660678523,3.896505027,2.127864054,5.820536598,5.047625811,4.646106158,3.847280582,4.744331516,4.859374262,4.133052803,4.362111191,5.680933058,5.430440352
Toxic,5.336517397,2.508478998,2.817003014,5.695673273,3.377453199,7.656754282,2.589901399,6.323963108,5.173992248,5.398682255,6.313770693,5.483373075,9.390957991,4.243923965,8.337619077,8.207626657,6.432548986,9.72282586,4.686219426,4.306533313,5.447266843,6.081095513,5.492097537,9.542849632,5.563990557,5.853822072,4.151598411,5.16210378,3.453163846,5.609368891,4.1522117,5.410763942,4.095916806,7.196320579,3.07816882,8.106550793,3.933332681,5.851357714,4.882180756,4.793920726,6.114191318,4.702403588,5.013852365,6.113991961,4.935549342,3.227946642,5.061494502,6.108254507,5.036441184,4.710172999,5.347287334,4.986425529,5.010076259,4.870293964,5.39807682,5.91064605
Non-Toxic,6.653285486,2.716543903,2.84577799,4.219276172,2.174671362,9.657784631,2.581571495,6.070064503,5.986208103,6.733831352,8.629577894,6.005144362,10.58457095,6.127971544,9.84934108,8.037911218,6.553249306,10.7350575,5.406282698,6.258128224,3.421506505,6.91743375,6.11548988,10.42554529,6.60275974,8.248196096,5.459040988,6.088603056,5.673630323,7.043130583,2.591986537,3.032904795,3.79346706,4.488434419,2.663494516,8.026752038,2.254239635,5.133048031,3.145602871,2.878856441,5.566334787,4.038786062,5.694030297,5.517208902,4.901924622,2.055047835,4.968035057,6.321950913,5.376125241,7.32620451,5.889303432,5.307964709,4.650926517,7.704853558,5.769094832,7.692338634
Non-Toxic,6.0642627,3.130298311,2.460222236,4.355243827,1.975400444,9.685072543,2.921399501,6.368156115,5.983938281,4.697516124,8.185380112,5.696089928,10.13550925,6.510854658,9.894040245,8.275819746,6.409784463,10.64638381,5.536862947,6.348190322,3.479551912,6.393396741,5.844709998,10.31151193,6.354439488,7.40404759,6.326142334,6.130718099,4.911423387,6.541450826,2.910622175,2.789402957,3.364795248,4.505812028,1.93031787,8.185470009,1.544257195,4.763906388,3.158764162,3.557252903,4.868777229,4.460551803,5.440079076,5.46827565,4.400679077,1.639465763,4.39659289,5.670701118,5.367461173,6.508123662,5.706824351,5.214591398,4.497965986,6.941891222,7.000800246,7.397088852
Toxic,3.676213692,3.075188852,2.881960495,4.281452289,2.683389258,7.23340301,2.944948216,3.886425643,4.389467712,4.396389944,8.331621617,5.095189593,8.012551341,3.633292346,7.361037642,5.849561895,5.785671739,8.466820759,5.196578148,4.250752296,3.323559018,6.034088369,4.895785055,8.357749196,4.620291966,7.34473853,6.158020786,5.346928504,3.097892308,4.357545867,2.861955559,2.841379025,3.052128846,4.369897051,2.241708259,6.257702545,2.577441804,4.196221967,3.266233366,3.367401536,5.695273569,5.207798005,5.428012844,5.394432453,4.806774151,2.109425919,4.82061171,4.925246565,5.538797317,5.934942078,5.580737045,4.475922254,4.448947368,5.364145876,4.417416102,5.26462928
Toxic,7.427952339,2.897746212,2.337947774,4.343542437,2.01265532,10.20198409,2.152855769,6.185659366,4.508617952,7.349566857,8.786562662,5.977172286,10.7437753,6.405524339,10.22830018,8.381972645,6.777651303,10.64948634,6.167211959,7.098868562,1.694965494,7.282001802,5.904939124,10.57117112,7.293878821,8.150015455,6.350588356,6.051617939,5.724255415,7.552021867,2.90825462,3.020753063,3.935274567,5.184534717,2.680991888,7.565865474,2.411142639,5.677539326,3.564816156,3.841584084,5.58110411,5.148462477,5.48082429,5.924111549,5.174890087,2.109376393,5.217641686,6.655493836,6.061964949,8.294503267,6.230670216,5.601741769,4.671091495,8.143966462,4.424707333,7.852740113
Toxic,8.401174037,4.352326679,2.761569598,7.81639122,2.624200613,5.739557461,2.650542541,5.317502205,5.884534428,6.092560745,8.050610662,6.902934997,7.121884766,3.252018937,6.492344046,5.858122142,7.706704344,7.982973281,5.944094824,4.461934412,2.95434873,7.202916326,3.903861823,7.631461416,5.41104434,7.712230024,3.952060057,4.403845496,3.54656425,5.149475828,2.782860375,2.744600306,3.94743768,4.823240255,2.181552955,7.249994388,2.244470029,4.283778258,3.195563201,3.573899103,5.152319774,4.4128235,5.483168644,6.215697193,4.420962568,1.910229656,5.654229298,5.322429236,5.192804181,4.2671841,5.767357782,4.561982643,5.076978226,5.664416195,6.08206099,4.268887278
Toxic,6.585133176,2.964112869,8.427662129,5.345185333,8.48303891,9.546243238,2.278173598,5.799593591,5.31859564,6.857478534,8.575282395,5.905108927,10.58463662,7.111116303,9.996147982,7.710894751,6.566486036,10.75348486,5.801526902,6.551248621,3.059328907,6.71635939,5.950072712,10.56668581,7.287432463,9.137000937,6.140609014,5.874101386,5.611142112,7.065822147,3.259042422,3.207812071,3.40600201,4.350979943,2.01371344,8.152965354,2.169454875,5.421763737,3.234634808,3.105519425,5.934691167,4.818661319,5.570268835,5.931439079,4.722828474,1.565362965,5.342038243,6.441451796,6.111020483,7.118752251,6.353772697,5.657686592,4.376992428,8.485264613,6.009420809,7.638092047
Toxic,7.836225452,2.802646987,2.389889605,5.03782439,1.970572429,10.54935096,2.246358041,5.936596829,4.52887823,7.429062424,8.87723984,6.283924137,10.93584759,6.411451702,10.5922578,7.849926469,6.836118894,10.78105922,5.851573501,7.315938332,2.954053093,7.335409939,6.502124145,10.93705837,7.086688979,8.126248661,7.318353802,6.271799955,5.554495829,7.756000733,3.201384649,3.377210538,5.030600438,4.671351845,3.63550795,7.26619823,3.000991597,5.492875149,3.342519071,3.55639868,5.789268801,5.231224171,5.333300833,6.097740794,5.205317366,1.941649027,4.757904883,7.028232585,6.339633054,8.379511277,6.243947379,6.375637202,4.99109387,8.520714298,4.877569552,8.24622463
Toxic,7.283530935,2.858658358,4.728043009,4.821928611,2.892592456,10.29795637,2.175886044,5.716817855,5.065312056,7.096671935,8.444656856,5.90148982,10.85107633,6.277408216,10.6231051,7.395993631,6.524394616,10.80034539,5.610615582,7.38198149,3.074769915,7.19945872,5.67155636,11.11428276,7.084815423,8.900344665,6.988912037,5.777185944,5.433974707,8.064805352,2.373502485,2.963390207,3.781812433,3.837619972,2.838347647,8.254011387,2.290414801,5.086767752,3.20796104,3.462982886,5.600800674,4.771510962,5.701711831,6.431477513,4.815677857,1.783990849,4.930357612,6.656180337,5.984399738,7.826065598,6.147058746,5.35401839,4.378409983,8.435504012,7.306765043,8.355056246
Non-Toxic,7.570751099,3.216085022,2.389069755,5.51477542,3.07605917,9.874455793,2.557856318,5.721490133,5.747549761,7.505274859,8.692016495,6.353958702,10.95676471,6.459908444,10.17445473,7.165935903,6.692048802,10.8674643,6.318554241,7.177630529,2.785361811,7.506105166,6.391723138,10.81639778,7.02634125,8.391095108,6.26404301,6.143083186,6.008715695,7.760572437,2.765682667,3.468950262,3.592856234,4.573235041,2.328163933,7.01100862,2.483927261,5.640666743,3.53076304,3.344525127,5.649918642,4.596035859,5.549164883,6.164126827,5.36988464,1.783979648,4.987124809,6.327434828,5.677767597,7.697010672,6.02506112,5.619166473,4.518694294,8.854072911,5.534050946,6.903466452
Toxic,10.74720805,5.435346557,2.653671994,4.812619407,1.898349619,8.866841169,4.67559954,6.023831861,8.207534042,8.452718152,8.832921427,7.794553902,10.0193278,6.461390216,9.349508861,7.43665123,8.358094496,10.46007963,7.051954654,5.72563694,3.598165309,8.444227863,5.776442468,10.46703432,7.819501293,8.233406309,5.134050761,6.520603778,4.993430955,6.795512147,2.754963071,3.20119298,4.690216996,4.720024253,2.929663818,5.517931228,2.113622185,5.214139429,3.565615556,3.369999994,5.450112328,4.687096349,5.950156029,5.921696317,4.714368379,1.736077826,5.921341842,6.972912335,5.710601577,6.604330439,6.238612671,5.753396629,4.918082509,6.985979104,3.66778122,6.922558168
Toxic,3.849854919,3.307236756,7.501161748,5.288697603,6.899361345,6.682301615,2.210383897,6.706334774,5.066699586,4.599557823,7.883577519,4.383152716,7.372020391,4.817608134,6.868298126,7.03688497,5.809266152,8.646643035,2.521822348,3.180811687,4.313307966,5.62119558,4.508062982,7.861911419,6.289536498,6.6508496,4.764763551,5.19781056,3.066825919,3.947865459,2.669151815,3.332465088,3.011700066,3.759871618,1.808623598,5.741297132,3.297611236,4.294955241,3.400993109,3.144540603,5.040855012,4.240279698,5.738075305,5.14367695,4.284700144,1.837045705,4.709227038,4.104696197,4.330385731,4.570850204,5.331331603,3.948564203,4.33637179,5.258813117,5.511006889,5.142009915
Toxic,9.537490863,6.003084404,2.402831397,6.347466921,1.626896823,6.680879862,3.034473806,5.638215666,6.099754533,7.362926784,8.51414148,7.297299828,8.317185024,4.385059135,7.519785852,6.436431495,7.748966139,9.060210506,5.824506231,4.935983801,3.190704178,7.679003887,4.722134365,9.032687742,5.525890685,9.039496433,4.994201737,4.585433938,3.370922705,6.198156578,2.413192857,3.094524962,4.569291458,4.903151941,2.233961828,7.396666586,2.975944823,4.804835794,3.102498705,3.777190993,5.175899462,4.811093693,4.8852013,5.54596162,4.850997068,1.777726803,4.6421778,5.867968428,5.210727298,5.328534353,5.314671363,5.402515069,5.017590156,6.814666743,4.840757961,4.376936072
Toxic,7.236612301,3.2471433,5.618778975,9.031121049,5.210928858,9.937165688,2.002616897,5.945471465,7.696057639,7.244661128,8.33002953,6.266188356,10.82614719,7.606925541,10.17178418,7.433517514,6.876756165,11.14318641,5.860040595,7.029873958,4.47044561,7.351763035,6.462433442,10.69409154,7.232667325,9.482295967,6.138767045,5.356229755,5.963858488,7.64894405,2.804533591,2.792027935,3.374065785,4.375725349,2.101156423,3.850863721,2.212271548,5.488752022,3.224350546,3.597204606,5.45277196,4.923280318,5.568013311,6.215142488,4.916760569,1.614469391,5.240552199,6.757335185,6.262271699,6.641934256,6.50965437,5.585413965,4.7256776,8.5780182,7.004857759,8.214702792
Toxic,4.737294152,2.465874811,2.455247761,5.518002274,1.781316974,7.218579784,1.984104236,6.293835123,4.3840874,5.511368941,8.177320035,5.863804484,8.22894814,5.27181657,7.45513781,7.673290945,6.216935266,9.202605019,4.697157819,4.714950916,4.110723058,6.094596425,5.503621178,8.87420784,5.664293742,8.040480339,5.038597518,4.458989166,3.591116247,5.375799942,2.428569946,2.717634253,3.051242019,3.890218185,2.068843043,6.589611927,2.666508511,4.41612606,3.240204796,3.002232134,5.039878455,4.228846912,5.020724255,5.329847445,4.247699534,1.623101507,4.517894169,5.100231164,4.921915907,4.93121924,5.303929341,4.730779345,4.661207992,5.849125456,3.812607336,5.627155313
Toxic,4.765256669,3.110945407,2.54293096,5.155831354,2.036477876,5.883346612,2.898381048,6.537108419,4.941900375,4.701956263,7.655680171,4.983401365,6.999613903,3.55727029,6.806831037,7.841610017,6.083326088,7.4849016,3.740544776,4.392262338,4.185070515,5.206273172,4.239441272,7.369423446,4.143159568,5.786609884,2.508681453,4.341343018,3.694660444,4.716749726,3.228201812,2.300286535,2.944909518,4.754352832,2.185895725,7.584768774,2.385043566,4.323504416,3.730611433,3.675554063,4.922563804,4.390051651,4.907202117,5.352884165,4.150010324,2.204962971,4.686867975,4.841831989,4.983203303,5.057530532,4.924317812,4.343121472,4.654227216,5.258919773,6.052464286,4.83516009
Toxic,5.672881489,3.217130558,2.608374518,5.250985117,2.113309462,9.714006004,3.408839432,6.08559283,6.619867941,7.471359716,7.432259914,7.036513566,10.71311473,6.656215098,9.875565309,8.043297492,7.640441608,11.0452589,5.226478456,7.129004337,4.122687145,7.145809163,6.304066485,10.57640679,7.198110963,7.320980366,6.78589448,6.316173156,5.427174472,7.046769404,6.803398219,6.636244238,7.450628978,7.74791686,6.289136002,8.273008724,5.530902892,7.909992547,4.929244791,5.053293909,7.634578527,5.781891332,5.330443166,7.405229489,6.587988038,2.29013909,6.551525305,7.907644073,7.069654183,7.092251921,6.973726884,6.752457759,6.34435471,8.193237915,7.372816626,8.220252996
Toxic,4.084099565,2.17780799,2.903020115,5.805352852,3.871622316,5.262546349,2.415866966,4.771085964,4.10002569,5.594667856,7.775295985,4.87653545,7.101975715,2.371917918,6.138339238,6.231677428,5.801142649,8.132459318,3.499898536,4.375312423,3.761905094,4.820115384,4.709689271,7.64006747,3.561575573,6.699682612,4.97537445,4.568161445,2.538280332,4.691080491,3.097506391,3.924880056,2.546574294,6.144911253,2.474895127,7.946326852,3.531565439,4.385866511,3.630041642,3.764041937,5.71603548,5.058786582,4.976034215,5.003208532,4.666277634,1.933038812,4.183883655,4.634806988,4.720859682,4.079025795,5.066649453,4.769201023,4.314347736,5.493280075,5.653617307,3.844214443
Toxic,7.536888822,3.869560684,3.765345382,4.601100632,2.410854571,8.734879882,2.582873167,6.083567098,5.565624052,6.408518204,8.421085312,6.193459821,9.823375919,6.005807984,9.31045991,7.655040645,6.765797998,9.876781937,4.974506476,5.191018065,3.626713288,7.042862855,5.2091088,10.31052086,7.002788738,9.072741427,6.298929556,5.362934531,3.659298551,6.286573681,2.850857504,2.75515043,3.258518463,4.269883464,2.22644789,7.82026693,2.676332354,4.929856699,3.198229629,3.274009388,5.567173675,4.88330454,4.992622411,6.018748422,4.644770881,1.667365637,4.848574514,5.918703102,5.686234032,6.721266758,5.948136382,5.25132459,4.352544283,7.481626989,5.612053285,7.356452146
Toxic,6.080626962,2.623894207,2.581384911,4.804983536,2.196835098,9.411267117,2.247350764,5.912101699,4.681891004,6.944958122,8.472444813,6.025535695,10.47167462,6.140525202,9.815793074,7.454378375,6.767614906,10.62959922,5.855524328,6.900086761,4.016193851,6.870256442,6.051519573,10.5032459,6.948749744,8.224353968,5.856235486,5.920092847,5.881305878,6.974459993,4.891135425,5.441092062,3.978761892,7.323460564,2.566972418,8.239850284,4.167079697,6.376090324,4.29322988,3.814239713,5.752109886,5.075439688,5.252826728,6.314127669,5.130896401,2.743920799,4.958922593,6.595707818,5.628502283,6.824237985,6.107412826,5.899064284,5.244478134,7.565052474,5.915479187,6.816849336
Toxic,3.719498765,2.896442557,2.501346891,6.5627094,2.012282015,5.242515409,2.596116452,6.634184119,4.714159474,4.650517339,6.599580516,4.629903297,5.925092525,2.174306139,5.936784777,8.268719455,5.693729904,7.077783018,2.440899605,3.326271989,4.944309937,3.922520476,4.138065634,6.852075168,4.290186489,5.815511777,4.025234472,4.008687908,3.400644457,4.237581795,2.82627666,1.932997661,2.661673659,3.783108024,2.142380527,7.739735529,2.30251279,3.64782468,3.256890471,3.403902166,4.493582243,4.254561349,4.67851378,4.867708931,3.916302885,1.841828336,5.103667162,3.959122135,4.260137965,3.578366869,4.750189407,4.316444223,4.177825334,4.866469979,5.69554578,3.361157428
Toxic,4.737484492,2.950277968,3.20131212,6.817524581,2.567292818,5.426682327,3.010045091,6.470581464,5.168853287,4.140850648,7.266407238,5.349494223,7.300261949,4.070870021,6.54337007,7.468237706,5.984019864,8.544600101,3.511919349,4.253718994,4.316864319,4.661396979,4.737601453,7.538913776,4.355579932,8.166843987,4.999132272,4.330937696,3.302399917,5.046332145,2.831539067,2.393749385,2.657961374,4.504957885,1.761189679,6.15266884,1.649808322,4.480725893,3.585885367,3.313696973,4.866989126,4.634284122,4.844757293,5.248103548,4.143007417,1.595003178,4.902032424,4.165658147,4.267554513,3.896213269,5.348741706,4.185126352,4.258147519,5.531820238,5.021662156,4.330978919
Toxic,2.396708032,2.946316714,2.64006775,5.104869395,2.235662058,5.495493995,2.407023324,6.054229162,4.377242264,4.691125874,6.820696962,4.399816237,6.743511288,2.097938201,6.445976384,7.735702814,6.229137297,8.042017026,3.82057291,4.382504397,4.115929258,4.814869411,4.579554094,7.609301476,4.449859979,6.781371083,4.415419189,4.286944213,4.050751142,4.449490013,5.217290108,4.793932703,3.300124062,6.775864373,2.721845159,7.916556219,3.852920883,6.456806597,4.984911255,3.944665041,6.272449601,4.746562668,5.313413928,5.805444537,4.426696809,2.298037984,5.175436402,4.584570272,4.950616662,4.694341445,4.970851218,4.540862863,4.732787232,6.319359052,6.825461898,3.907708248
Toxic,4.439759942,3.68251579,3.060077175,3.638956304,2.556869289,7.329043909,2.755765631,5.959057328,4.477458147,4.797209161,8.62976751,5.686512889,7.859268122,3.687784603,7.815390984,7.223536686,6.208683078,9.403410449,4.77094467,4.501191695,4.815509978,5.707133403,5.11117287,8.911442263,5.356320945,6.756753185,6.066104987,5.452962862,4.162600813,5.287907622,2.83472921,3.037502917,3.088641618,4.101479517,2.35530522,6.786296023,3.334228235,4.511947809,3.225530769,3.461311817,5.085148547,4.770200241,5.521962257,5.090591733,4.464178145,2.032662427,5.067716025,4.756367369,4.898351162,5.920857537,5.322926434,4.136708137,4.789971715,6.107419902,4.983297765,6.142999196
Toxic,5.097712779,4.039353797,2.512281365,6.160678454,1.937230218,5.961409136,2.516584819,5.987966173,5.52914519,5.78537999,7.277720598,5.437412423,7.723115782,3.435476016,6.603037332,7.540647613,5.796217706,7.883207395,3.147093968,3.606233606,4.593653621,5.088446503,3.818913022,7.577663244,4.192462739,7.185681374,4.357011082,3.283936547,2.722375925,4.384165975,2.405955182,3.082372178,3.254775237,4.205113076,1.688349263,8.403173773,2.128398136,4.079504851,3.024391185,3.342116983,4.596867754,4.472041998,4.839836644,5.69172938,4.076626773,1.551372289,4.419525477,5.230559823,4.819808988,3.676369706,5.157213079,4.532195951,4.416666622,5.237834816,5.095299123,4.893105001
Toxic,5.505982861,2.768749921,2.937710821,5.749503038,2.007417323,6.749871459,2.724484702,5.62185751,4.690773041,5.25677223,7.759843147,5.649736088,8.028990156,3.102468223,7.428994314,7.108431575,6.220025308,9.507414975,5.321940453,5.154949574,4.407424415,5.514356029,5.651833537,9.004255258,5.556869466,6.372925085,4.517964353,4.346296582,3.854652833,5.568306152,3.404724619,3.099815976,3.190084558,4.332932275,2.135672011,7.735304185,2.125987648,4.603428625,3.461167279,3.370197953,5.420210934,4.784734316,5.519803119,5.356151287,4.257770127,2.00269755,5.328898804,5.363322466,4.337538478,4.456165603,4.877492218,4.608661096,4.670450563,5.434889456,5.614912436,4.615063535
Toxic,5.340085839,2.984277874,2.87291842,5.715565165,1.591613231,6.992889025,2.045627336,5.906591252,6.683196383,6.743461849,8.120716154,5.651517677,8.471506242,5.823810355,7.528361541,6.743658358,6.343396996,8.700872957,4.526240748,5.399493284,3.783982541,6.079520894,5.13699013,8.817442149,5.731118523,8.305355899,6.354166871,4.448676593,3.984981579,6.362456543,2.421983231,2.909443055,3.232753521,4.320200646,2.261634924,6.353264681,2.219521085,4.273146121,3.50177906,3.392444605,5.311328612,4.531893665,4.041344971,5.522896814,4.877233928,1.612757502,5.168830054,5.178837963,4.901872087,5.236882552,5.277214339,4.913727089,4.804119374,5.998348917,4.380228002,4.525586971
Toxic,4.730155259,2.597878015,6.505660733,4.468402874,4.766402494,6.322001863,2.325706241,6.811348649,5.151682859,4.837785817,6.477388709,4.384178626,7.427951419,3.735277768,6.900446929,7.262457972,5.592346341,7.327058979,2.941843739,3.407882848,5.977800033,4.902231577,4.604795198,7.48230899,5.765729187,4.855634883,3.906910125,4.762980728,3.749779246,3.870141269,2.799513419,2.609285357,2.523529329,4.166118874,2.277073994,6.17822506,2.399543945,3.986170948,3.10392099,3.260921232,4.985263914,4.564386284,5.053841742,4.960811415,3.869513333,1.873627818,4.475170769,3.934077659,4.045302047,4.027737236,5.206564306,4.247424924,4.155690958,3.94689884,5.224397284,4.927155134
Toxic,4.486112401,2.728185856,2.735341957,4.897569865,3.217366323,6.531152622,2.779009647,3.88157628,5.619834788,4.150340445,7.807489577,5.403729026,8.136207025,2.239576539,7.355885928,5.863201896,6.280435349,8.998433522,5.499676151,4.484963019,4.863611838,5.682815034,5.094066395,8.258185388,4.010372051,7.231096659,5.964503228,4.560920932,3.417236257,5.073750827,3.216653019,3.054274718,2.958218032,4.186202359,2.328604285,7.670698371,2.601175514,4.593519326,3.130691052,3.263012131,5.912700328,4.541296045,5.323865972,5.852504653,4.807444266,1.935355582,4.872630987,4.550465821,5.182393374,4.24885127,5.354728819,4.65182036,5.035246015,5.664607808,5.079276016,5.040060484
Non-Toxic,5.253969826,3.023739252,3.244737547,5.187638432,1.615084199,7.147974397,2.830974223,6.451610489,4.642780795,5.678648635,8.683477922,5.455182513,8.913846299,5.508491061,8.378517959,8.249893991,6.623843893,9.815436672,5.005265583,4.929420396,4.563883204,6.463883403,5.279540322,9.377148182,6.223204025,7.802310747,5.868016989,5.536049817,4.11341941,5.476099134,2.88050829,3.043785061,3.230988816,4.159628168,1.996047222,7.231852738,2.301252338,4.241535818,3.173844796,3.248564587,4.725586997,4.292770671,5.812130833,5.174577235,4.145416433,1.801077381,4.871232748,5.427491528,5.23254965,5.439322988,5.335468327,4.666302864,4.723394815,6.491522454,6.118315213,7.063011582
Toxic,4.963047897,3.026820943,2.579370583,5.200818489,3.087446166,6.415977833,2.14807105,6.312329638,4.764225446,4.912109603,6.768204906,4.686065311,7.347572385,2.799059815,6.754418138,7.920503621,6.053195965,8.293948735,4.863467159,3.55151548,5.752982052,4.218362148,4.900330966,8.175331108,5.386614286,5.626078438,4.672714924,4.22815006,3.413210011,4.263209702,2.565683925,2.187638833,2.863158268,4.311595454,2.31937717,7.812533862,1.92761674,4.029741555,3.645918828,3.090496733,5.100053401,4.335849275,4.881010257,4.66967163,4.152740106,1.874948802,4.766451488,4.675730519,4.40616695,4.264580616,4.783979835,4.593872097,4.66967163,4.789144418,5.895269705,4.328471424
Toxic,5.457812834,3.436721807,2.374803505,4.552299964,1.845308637,7.501038057,2.666876656,5.589014724,4.394531529,5.443489096,8.449452495,5.739498236,8.398924794,5.099764217,8.026576577,7.18482808,6.483448795,8.928991057,4.647755991,4.117012905,3.518871446,6.152167178,5.154338729,8.694828123,6.135007702,7.999298393,6.536533996,5.508988132,3.137444879,4.768825024,2.202121542,3.060263561,3.273970424,4.277307165,2.166067577,6.948989522,2.131200244,4.298331616,3.295670834,3.013703146,4.939822309,4.655395025,5.825753128,5.720649341,4.23383289,1.725933453,4.484077103,5.017830487,5.388523596,6.909158075,5.712128791,4.961308916,4.849807779,6.358503786,5.458016998,6.356666676
Non-Toxic,4.140101889,2.589233483,2.871206385,5.477305523,1.834748676,7.069809284,2.365308448,5.856618233,6.542514112,5.569589144,8.200287595,5.371281197,8.894535436,4.437386245,7.735160668,8.35812816,5.739906277,9.329471257,3.905936367,4.472150067,4.399816237,5.856422022,4.741960745,9.004104121,5.671787423,8.133535448,5.427118638,4.917524807,3.492424991,5.301384818,2.903382263,2.616787313,3.187516833,4.513492093,2.089133829,8.185049853,2.170799011,4.046454201,3.345680661,3.760066403,5.194065618,4.727190941,5.631762498,5.522636463,4.088292036,1.91520032,4.760796654,5.413609163,5.115647794,4.72972889,5.611516041,4.387268524,4.389394747,6.359293083,6.699016868,5.966772448
Toxic,5.158761284,3.202584859,3.071479507,5.857960784,2.485412083,9.906555157,3.656241449,5.491205978,7.112314212,7.660277478,6.833278794,6.725546987,10.73493233,5.992321882,10.25294295,7.814724303,8.12937994,11.24322218,5.00321903,7.688119761,4.046337203,6.923904569,5.957409058,10.39662092,6.586065372,7.88837127,6.625783074,5.06376443,6.171995406,7.690494048,8.101323358,6.761152885,7.670838583,8.174350778,6.632282488,7.745320269,5.020001251,7.941621063,6.207420296,4.996295293,8.005844694,6.929306457,5.160751011,7.92120712,6.964710593,3.993883152,7.505030477,8.444068995,7.738348014,7.075740125,7.755837215,7.50958113,6.776926514,8.755549882,7.614185967,7.840958215
Non-Toxic,6.521133867,2.840294447,3.119332926,5.291571797,2.034326929,9.578023907,2.49494053,6.327186003,5.075572935,7.139017175,8.809280599,6.498034262,10.44839163,5.513696541,9.765366011,7.881330579,6.692332169,10.71365102,5.861453581,6.740184069,3.891041852,7.207807721,6.238311528,10.50327209,6.796185189,8.992074628,7.110501011,6.256891107,5.553204195,7.180827979,2.616945568,2.805694001,3.506381393,4.742458456,2.333812323,7.69849109,2.092422776,5.210319871,3.181178313,2.992903233,5.656617725,4.610394597,5.359583158,5.904932506,4.822850031,1.650409007,5.04234598,6.615347906,6.036086982,7.147541642,5.871096345,5.579887432,5.355102188,8.043580288,6.488417883,7.738904737
Toxic,8.808788515,3.145833162,2.443159694,4.209764743,2.000414775,8.133684447,2.92347293,5.74713823,7.264904967,7.56462741,8.872529051,7.263366165,9.690280057,6.49335034,8.849587666,6.120652468,7.351729832,10.02662159,6.37685954,6.133881432,3.51410811,7.681267676,5.665078218,9.934108721,7.106874424,8.318584108,5.406553624,6.486254254,4.492068139,6.785774043,2.60745804,3.612320116,4.660051109,4.531822632,2.927687224,6.92472363,2.060896788,5.45099693,3.293496718,3.289845279,5.788965118,4.711333261,5.508845822,6.09870788,4.974989101,1.744526608,6.059946629,6.794132248,5.416512496,6.405508763,5.802593949,6.017165263,5.001300318,7.25723728,5.768253212,6.131937879
Toxic,6.566788353,2.30790272,2.3307788,5.735241591,2.075565144,9.768215295,2.131103107,3.452398416,4.669409911,7.222701653,8.547052627,6.134116028,10.58681431,4.768391843,9.941939526,5.607696318,6.574736029,10.26596494,4.703673573,6.943142912,3.19409652,6.90605411,5.647308794,10.60930469,6.76655919,9.320568301,6.48219562,5.614924759,5.391131614,7.169843464,2.639069079,3.932460568,3.982424735,4.07155835,2.887893462,7.307398647,1.970957329,5.274097556,3.312335079,3.268223096,6.25940689,4.880094949,5.165736807,6.223677013,5.234378301,1.771457057,5.160612313,5.957303412,6.040695345,7.105558347,6.066775637,5.643696762,5.339998527,8.038501266,6.18455729,7.134039894
Toxic,4.334435537,2.769946942,3.039859847,3.350449572,1.792286761,7.33339614,2.42902055,6.980523944,6.15589649,5.762099565,8.177420913,4.84821562,8.787842184,4.720029199,8.204185447,7.888790355,6.090424499,9.584856546,4.683544813,4.369407462,4.596853919,5.814662971,4.952038292,9.530696639,6.26822279,7.645525713,5.607593872,6.293125961,3.734200223,4.717168476,2.68763366,3.010656994,3.203688939,4.925932,1.942904539,7.379608884,2.505930444,4.031677605,4.316093885,3.316159649,5.158242876,4.524003651,3.710860469,5.017436775,4.386419406,1.935460562,4.728402236,4.924619906,4.678696568,6.774283709,5.785835347,4.412932999,4.565047223,6.108814906,5.485555547,6.421675739
Toxic,6.003050152,3.138626067,2.645401737,4.093270792,2.870005272,8.272653472,2.7733241,5.721475496,7.476980178,6.412941388,8.56143367,6.231907625,9.507042771,6.852725794,8.65004572,5.880036232,6.583599447,10.12618966,5.524803637,6.311743462,3.80983735,6.33113534,6.154415759,9.750087079,7.029693814,8.526836894,4.481694034,6.484640448,5.074766523,6.845482621,2.786963128,3.382429376,3.721507288,4.300399054,2.564116874,6.335984846,1.846459248,5.214350979,3.194674127,3.255434547,5.59504659,4.52192545,4.635512888,5.987117918,4.725748005,2.014712934,5.939140438,6.41716909,5.140863876,6.367258224,5.479640135,5.486398914,4.991659718,7.264419967,4.872787196,6.138450089
Toxic,5.812672509,2.940011397,3.594374907,5.468388389,2.230593157,6.116677339,2.958446312,4.349802845,4.218571315,6.851249259,7.182688678,5.435008688,8.187298882,1.716074385,7.272789411,6.061433588,6.036378096,9.062811452,3.445801543,5.489808114,6.323411166,5.606159344,4.994183065,8.389202783,4.875873052,6.245914771,3.649723893,4.507779208,3.904620897,5.211326849,3.594574913,2.61224064,3.459597752,5.096959919,2.175332202,6.910935141,1.804756352,5.19002732,3.496889724,3.336537628,6.118067889,5.317767809,5.167842505,5.366467985,4.780793644,2.404758275,4.887039287,5.225271547,5.478307377,4.433010945,5.476019267,4.758578408,4.081857848,5.3472013,5.680146322,4.799535219
Toxic,4.977709975,2.573316132,2.806304867,8.037372445,2.061754711,9.382384068,2.991485191,6.413186065,7.22760251,7.936776016,7.081586867,6.036263601,10.60448295,5.626994121,9.890108995,7.810645492,7.690514665,10.71336644,3.543934364,7.342021567,2.886413709,6.437218585,6.668092686,10.39128639,6.896995006,8.388592688,5.644167885,5.137523805,6.048282389,7.682012335,8.901077019,7.068758564,7.551595137,7.937630097,5.058830944,8.026159842,4.73435061,8.025383586,6.857794599,5.958944716,8.319314833,7.481819602,4.374769453,8.392897609,7.253996665,4.098005524,7.02638834,7.844360691,8.259724355,6.629338699,8.116512381,7.90038423,7.260639244,8.314605133,8.615945399,7.200884298
Toxic,5.729297308,2.563627452,3.785174292,5.628760914,2.07135888,6.148120412,2.147958961,6.045640793,6.919262511,5.113995118,8.012273246,5.661792762,7.903380817,5.37525696,7.160261354,8.037896873,6.21609358,8.348635268,4.95865363,3.898354099,4.114990052,6.045716722,4.862917361,8.135187343,6.046190633,7.67571897,4.899152296,5.094273154,3.692803985,4.951830254,2.746834752,3.087360469,3.16459731,4.821461855,2.289882339,4.100574507,2.151308244,4.329095761,3.016208088,3.188246724,5.302045115,4.245490872,4.908542352,5.442687903,4.48206994,1.834201735,5.084078943,5.049775914,5.459337188,4.15208685,5.651796622,4.368683627,4.819638517,5.524110619,5.037720934,5.467081051
Toxic,6.15287083,3.118494947,2.939219647,5.951663727,1.777997292,8.701328647,2.293398523,5.527159509,5.525520126,6.839966209,8.681229566,6.170686486,9.883587703,5.696142366,9.164285193,7.270320095,6.472925499,10.17695448,5.517116582,6.871932507,3.285515022,6.962822017,6.219640478,10.12595583,6.715226252,8.835811411,6.634212492,5.619509044,4.701768192,6.889056074,2.888854533,3.005124186,4.093614805,4.604237277,2.115157887,7.681744673,2.300005465,5.50310753,3.229537149,3.489094706,5.731283541,4.5817032,5.61298196,5.734504434,4.921317014,1.694621774,5.370281531,6.431938473,5.611296225,6.771192394,5.907558415,6.123018259,5.186706776,7.751783278,5.894942349,6.760275459
Toxic,5.942806687,2.719453553,3.487488883,5.214390512,3.104591052,9.877416971,2.336829965,4.693679691,4.637375902,6.416432801,8.308017576,6.186747885,10.5877761,4.79737318,10.27345482,5.898067817,6.698512425,10.58860664,4.537575556,7.335169477,4.152403532,7.068775889,5.744101203,10.69620882,6.313362424,8.913663367,7.054841561,5.308857707,5.815677087,7.584929895,2.775326481,3.203861493,3.825085758,5.014524012,2.117292898,7.149353008,2.004464784,5.335739735,3.155148446,3.322854997,6.664096412,4.932005289,6.124318959,6.239975563,5.379528939,2.649035103,5.815126951,6.384184306,6.583539895,6.914377984,6.153573672,5.416051272,5.243739885,8.064124265,5.606262951,7.105100319
Toxic,4.813835316,2.695001272,2.786115665,6.869992156,2.531216446,6.337415713,2.136219785,6.322911313,5.414919227,4.987366353,8.159560329,5.633638793,7.647869783,3.688221496,7.448531885,8.307685305,5.986235898,8.641933866,5.359620791,4.244604888,4.189192208,5.608578213,4.810978304,8.437373237,5.129490189,7.724805573,5.519408185,4.705592706,3.32934517,5.301557022,2.817715389,2.944176587,2.953324281,4.770011271,2.372018017,7.347975441,2.382454161,4.13985366,3.306433133,3.854179353,5.501705437,4.509389855,5.176891371,5.48095672,4.542540128,1.988482916,4.767624005,4.997692242,5.046019505,4.082731087,5.220724793,3.704891736,4.498947055,6.194663134,6.676503096,5.158532615
Non-Toxic,5.135793501,2.584426621,3.244628642,3.985205908,1.749940424,8.849806238,2.861176117,6.228984659,5.778874238,5.757973592,8.018636575,5.165008206,9.811462594,5.473858247,9.357908374,8.209053223,6.158528231,10.51609468,4.267350279,5.672453281,5.733552482,5.894874303,5.583330349,10.24284987,6.09473217,7.603773293,5.653520763,5.598444007,4.191072523,6.229558539,2.699079315,3.007327359,3.431346141,4.301358162,1.957036104,7.889449872,1.687643856,4.770692616,3.78305977,2.974822965,5.164765627,4.320893652,5.255238435,4.650561792,4.519756366,1.843363351,4.635289681,5.087222062,4.911013239,4.821307419,5.279115826,4.724858216,4.497409798,6.771150294,6.16161786,7.089108476
Toxic,3.576590532,2.633820291,2.669348993,5.825818817,1.827026288,6.43858698,2.242351791,5.863247536,4.593272908,6.116760894,6.515308366,5.770973307,8.325325939,3.712421006,7.074424151,7.817090542,6.676219216,9.034435717,3.674961571,5.192654245,4.509235771,5.456774506,5.718670198,8.432732311,5.688665214,5.214570801,3.921743325,4.292856809,3.579199265,5.452882839,6.222020713,6.175942788,5.350835221,6.958083406,4.390630427,7.696332325,3.442443657,6.547051108,4.673091592,4.889546444,6.93852861,5.117533197,5.072130784,6.41689147,5.286824809,2.493406291,5.623514829,6.069451441,5.915242528,4.365031112,5.545369879,5.200657394,5.769576852,4.993922848,6.569109841,5.23503723
Non-Toxic,7.356022142,3.080140238,2.509956387,5.313705179,2.259129628,10.22834871,2.510965666,6.020060223,6.286133538,7.451015357,8.83776703,6.567992802,11.01934926,6.65964916,10.24797089,7.320874648,6.920796998,10.59882216,5.709154511,7.536933244,4.202238227,7.078039947,6.21867591,10.74436428,7.446056996,8.609981431,7.222221301,6.53686055,6.035351271,7.702710661,2.684065388,3.231432927,3.75947242,4.72709708,2.972813276,7.155718792,2.280140059,5.451847332,3.389619986,3.384012891,5.860882036,4.69706105,5.4986288,5.965575252,5.521285711,1.775709193,5.43926629,6.704647491,5.893399824,7.048232831,5.740180973,5.648318305,4.982687527,9.022378751,5.049416695,7.429400647
Toxic,6.863775634,3.630794276,2.921235772,5.092327533,2.64481204,6.307043231,2.670066883,5.39375198,4.950814757,6.118130189,7.722806559,6.083904032,7.826300373,4.833397656,7.578300417,7.720117222,6.831453391,8.084873436,5.792951917,4.307005181,5.469686905,6.02652295,4.685733797,8.218527275,5.563041919,7.55864277,5.64890791,3.740793024,3.319636199,4.697734075,2.934628526,2.676381261,3.256805065,4.683790088,2.040921843,7.408506021,1.94162109,4.610919446,3.225830847,3.056535584,5.319135347,4.556711527,5.024538541,5.384513825,4.451224777,1.900627072,4.61229195,4.923578079,5.457098241,4.724647908,5.560641427,4.699355813,4.689975069,6.127669854,7.32489442,5.788945869
Toxic,5.655100869,2.915391091,3.014406968,5.440247329,2.329026907,7.898109857,2.850095695,6.185086139,5.271262839,5.557983066,8.078070755,5.445629023,9.229663334,6.179390341,8.719049346,7.989461559,6.469128146,10.29711283,5.733344944,5.408078668,4.76334364,5.962139521,5.432911702,9.972146925,5.992802723,7.941343297,6.282653204,5.859041108,3.807511803,5.527128055,2.926454105,2.780241136,3.110740046,4.678916178,1.898971002,8.012209261,2.016468007,4.664325328,3.203840937,3.289265064,4.995413219,4.713826327,5.858689181,5.699252171,4.491183012,1.701334519,4.045932035,5.295912185,5.247325959,5.660853118,5.785405598,4.820341835,4.512399018,5.804947745,5.291240164,6.724117153
Toxic,6.803646927,2.774070917,2.323162729,4.281800442,2.013820189,8.678762444,2.295691053,6.433173137,8.894918699,6.621057279,8.742175555,6.384382757,9.970993914,6.843516586,9.44831019,8.121312346,6.907645515,10.70320302,6.598076276,5.727067046,3.878405549,7.009325244,6.203626009,10.55805289,7.71958324,7.960586626,6.574710846,6.910236547,3.878216404,6.083618138,2.616674007,2.234590717,3.804016775,4.190794414,2.535372784,6.845569155,2.089348113,4.845229751,3.865460875,3.046185494,5.120977077,4.135588439,4.514613757,5.786500499,4.65301787,1.67362531,4.935463731,5.616971995,5.386390791,5.945124617,5.74516736,5.107823534,5.011759324,6.300420217,3.90460262,7.096554848
Toxic,6.200877601,2.812715349,2.375577711,4.455568594,2.388084309,7.331259347,2.341342948,6.24574164,7.982639087,6.628163662,8.711798663,5.749172404,9.16430987,7.127710034,8.264034956,6.674737592,6.44250885,9.923719859,6.22060984,6.346655803,4.087332668,6.682820449,6.341910271,9.865746258,6.182688874,9.052657118,5.599796818,6.405087179,4.560534046,6.812634704,2.265896774,3.04124991,3.183585122,4.780399781,2.230201078,7.422681309,2.2654996,4.767714125,5.015487423,2.868835409,5.160249979,4.394828672,2.942597779,6.180897127,4.719868883,1.908832678,5.393608146,6.117298672,4.772975042,5.753661392,5.82451107,5.349972071,4.695207706,7.331771185,5.087729523,5.312843482
Non-Toxic,6.494884967,2.971523643,2.409565956,4.24403983,2.518514488,9.620758639,2.647248904,6.003543261,4.953593996,6.270408851,8.514452424,5.653614834,10.36714121,5.216034132,9.534065026,7.392382016,6.402570355,10.43019976,4.731088267,6.3236534,3.057490834,6.603933164,6.069597354,10.24446652,6.265017339,8.066360693,6.331165857,5.613177199,5.0668807,6.833622586,2.488979138,3.471075933,3.405414795,4.480282066,2.046089184,6.939615047,1.980326011,4.749449341,3.054838812,3.436126687,4.707509982,4.629830823,5.509740085,5.541661828,4.473473325,1.68426831,4.945045898,6.00649522,5.454130762,7.369967071,5.812116757,5.362544314,4.440661878,7.84955812,5.195531789,6.914955107
Toxic,6.228883055,2.644064714,3.246821924,3.867587411,3.569119389,7.868656802,2.683079026,5.714615281,7.196188823,6.520139517,8.561145993,6.065918322,9.159276156,6.405831618,8.399230444,6.167753048,6.634546681,9.961159998,5.788623126,5.255639771,5.583604248,6.27331583,6.428924493,9.770939904,6.546574126,8.418033604,5.813826332,6.394980659,3.855482036,6.508458592,2.712113602,3.381625502,3.53826681,4.662022409,3.028572155,6.17153524,2.28791532,4.812278715,3.946899729,3.333849974,5.353177729,4.535066587,4.162275301,5.483050845,5.094470001,1.729309989,5.912436599,6.164171209,4.856963523,6.152857578,5.583832702,5.208489019,4.814235385,6.466299502,5.360923892,5.184168125
Toxic,4.402465515,2.716052882,3.349168136,4.787003997,3.614383842,6.893921702,2.416487398,6.333767333,4.247012935,5.476754856,8.215765834,5.584630191,8.150830575,4.533234241,7.405783322,7.992360924,6.002964636,9.29164969,4.293589225,4.60549939,4.331844673,5.660369303,4.99965686,8.689929703,5.283365121,7.885577236,5.781414273,5.372301592,3.776450482,5.048308969,2.772853443,2.982179963,2.853769453,4.171394973,1.715649522,6.738037825,1.830395378,4.272564077,3.177967159,2.941524338,4.941167032,4.480166413,5.216421961,5.218065533,4.180310527,1.64366177,4.939040494,4.618830654,5.037090586,5.441744248,5.116506663,3.986157874,4.885714727,5.822999988,4.083328257,5.964274419
Toxic,4.150484784,3.030421796,2.708349511,4.756351702,1.941054387,6.875096334,2.30569959,6.294119056,4.807649654,5.051574176,8.043502982,5.140096968,7.58318591,3.786088688,7.093102049,8.012286893,6.382118325,8.951098997,4.525033089,4.299868666,3.428898031,5.669592084,4.594822286,7.783202087,5.295931747,7.109009156,6.046621262,4.946903234,3.779661529,4.764434353,2.847982383,2.583110834,2.972630412,4.61108642,1.749768527,6.511567479,2.303994294,4.176060074,3.69735519,3.156417469,4.855242883,4.827996525,5.082549564,5.131905345,4.154630395,1.74068426,4.832092036,4.864323528,4.688506506,4.551159501,5.450112248,4.159044734,4.818202439,5.115197931,4.528225334,5.932714896
Toxic,5.652467645,2.871951773,2.540713397,3.466164792,1.638828439,7.746029141,2.146789369,6.041350671,4.802657071,5.960740836,8.325301783,5.423725504,8.877519382,4.807195724,7.942142358,7.444234465,6.221792074,9.444496354,4.674736747,4.647894043,3.550845388,6.325435162,5.119197373,9.12486012,6.334441138,7.964183509,5.70747143,5.767485608,3.833906476,5.092450693,3.16323552,2.896048799,3.089557102,5.080590928,2.032564157,6.372093422,2.446520823,4.265055206,3.467625563,3.183246048,5.121046911,4.712627289,5.707783461,5.736176576,4.297939799,1.932379665,4.42148423,5.033343393,5.409154484,6.255550865,5.676378065,4.918820391,4.388201518,6.126079864,4.797959255,5.890797564
Toxic,6.240419592,2.910963804,3.365828549,3.758775669,1.836431581,7.015278216,3.30705112,6.434284846,5.436288327,6.409596065,7.134678506,5.891286561,8.280665249,2.942093441,7.274205193,8.152895768,6.63936327,8.344668137,5.547506924,3.910306306,6.017524418,5.931789375,4.815669493,8.575029016,6.115372362,5.296060931,4.440191904,5.104337301,3.593944099,4.332371663,3.015995419,2.580004364,3.306870984,4.688206165,2.596954187,6.559055711,1.646775361,4.605844463,3.498510492,3.406645438,4.417114524,4.45724959,5.742727911,4.813034809,4.108319104,2.03385547,5.075430881,5.237292365,4.30638163,6.065718164,5.597353898,4.380309049,4.611157588,4.586488042,5.510061986,5.681524779
Toxic,4.325252203,2.687991961,4.29559267,4.565830946,2.418963453,7.399407886,2.389421207,6.165055492,5.39675,6.413606773,6.69189446,5.890526263,8.50447488,4.716157032,7.896176766,7.730271928,7.384355213,8.948428592,4.541583691,4.527400379,3.676738295,5.9838588,5.534206265,8.994789335,5.563783242,6.928546629,4.855302796,5.360867902,3.020306725,5.087007837,5.281164313,6.350491034,6.333817362,7.801528411,5.623263473,6.871510027,4.7473662,6.953808888,4.464208705,4.87617809,6.747700077,5.622906721,5.195369042,6.085719604,5.347445253,4.483553734,6.112140268,7.077096253,6.119281998,5.482848316,6.696578071,4.784848988,5.875939619,5.677327155,7.33441728,6.008856209
Toxic,5.330390923,2.939045644,3.542691776,4.805766433,3.460896647,5.528295264,2.840695738,4.526801891,6.088051963,5.763635647,7.471560804,5.0319095,7.175894502,2.442502029,6.36342813,7.178344047,5.689601616,7.572553009,4.887296895,4.486491014,5.898243096,4.769078259,4.733356498,7.620833162,4.29041035,7.361281009,4.699660037,4.018005633,2.996433792,4.812712801,3.598549718,2.555779441,2.749539306,4.922095254,2.637380309,6.95322165,1.693668284,3.508022936,3.193081189,3.289556717,5.261685815,4.442184077,4.982338004,5.096750599,4.679886696,2.025610436,5.108689914,4.503984046,5.09934608,4.036457934,5.022809014,4.604464528,4.434018446,5.285842519,4.854968842,4.062987528
Toxic,4.662305633,3.29212667,3.722746914,5.125900815,4.031656566,6.447155991,3.329592003,4.101963586,4.888955363,5.357367864,6.795767475,5.243833233,7.189512839,2.154694059,6.808420598,5.548105133,5.71100748,8.417521904,4.733651188,4.383356625,4.591770478,5.02826723,4.63136389,7.481647812,4.544641999,5.347478309,2.791730961,3.699938644,4.041331741,4.538618074,3.418222128,3.045976482,3.555077293,4.802755177,1.843881027,7.415733666,2.107308526,4.902981044,4.172326192,3.549530016,5.664567495,4.789247356,4.923606716,5.546157015,4.441574469,2.183118243,4.917707651,5.18621594,4.955541486,4.161505902,4.724869973,4.672359099,4.415262292,4.689212031,5.740388131,4.947109848
Toxic,7.317004219,3.193586871,3.140607652,5.087443113,1.489256686,10.43493046,2.430914368,5.682211559,6.122871752,7.043857241,8.679446366,6.366369363,11.18065523,6.074153299,10.53188392,7.633855188,6.634292603,11.00714361,6.135856682,7.173866931,4.795256715,7.514440264,6.136843951,10.97089729,7.41865414,8.939077903,7.157824559,6.424175625,6.001812127,7.563524926,3.01143984,2.892781701,4.245586738,4.772067558,2.752000026,7.900537068,2.421794413,5.439442176,3.509331539,2.870905499,5.994656001,4.732369636,6.113999857,6.232356459,5.105596141,1.712408843,5.629430743,6.887430682,6.106834574,7.1368789,6.243353172,5.871942973,4.897612598,8.756943466,7.040091715,8.338050807
Non-Toxic,5.207402092,2.713071634,2.884337298,3.930306302,1.849004974,7.234557275,2.466439455,6.521955363,4.678312808,5.946353876,8.257709575,5.849009351,8.41934747,5.432812379,7.789024782,7.374702176,6.529375886,8.888957116,5.29379947,4.783227995,5.175863431,6.05335843,5.571202744,8.839960329,5.30793758,7.656051041,5.732374141,5.147778815,3.820354617,4.991138416,3.126789153,2.228795326,3.007000156,4.467938008,1.753637435,6.856593895,2.2472073,4.964726372,3.271847839,3.165641734,5.161795515,4.802494828,5.200057959,5.418750436,4.40439728,2.008434183,5.028512333,5.112347882,5.040842697,5.734650606,5.579022354,4.768137074,4.976826091,5.579159052,4.136146134,5.872614562
Non-Toxic,5.311120801,2.335437365,3.125232179,6.300092322,2.133473318,7.599347315,3.145679309,6.12698524,5.933701514,6.104667662,7.869651082,5.433745777,9.113687396,5.108016804,8.220294609,7.193714613,6.263556531,9.426886097,3.90689766,4.506305362,4.582258187,6.216067782,5.134618466,9.588772395,6.268829791,7.733665266,3.385263422,5.122626764,3.70303265,4.837750101,2.984644306,3.201488163,3.053256216,4.584562493,1.965206177,7.215511019,2.278134015,4.119127094,3.581100305,3.266597741,5.332445144,4.359795411,5.996775618,5.551994586,4.476285982,2.012555605,4.508253322,5.386109056,4.992176241,5.216675407,5.405598567,4.723498155,4.79247494,5.830395964,5.733635615,6.26995621
Toxic,6.91997321,3.402657827,2.868618526,4.66792999,1.790698597,9.9377464,2.18873081,5.426503762,4.685390452,7.011881429,7.422669977,6.421018509,10.8219412,6.304901034,10.1870605,7.34695769,7.069995052,10.49534527,6.189307584,7.280425743,4.416711038,7.195361395,5.885918376,10.84272006,6.493481343,8.84604171,6.193472002,5.600071597,5.69656211,7.542276013,4.343585995,5.220156911,5.409187615,7.505199981,4.073966009,6.784505361,4.424393467,7.106614951,4.444335269,4.893253141,6.916045573,5.291117424,5.792631384,6.796788567,6.216738239,2.6418514,5.920797765,7.383796945,6.50532252,7.452134692,6.329981388,6.042222159,5.944522261,8.859355071,5.258389158,7.349886493
Toxic,4.656602171,2.530243791,3.472043566,3.665438049,1.829522556,7.155105134,2.509334077,6.322838029,4.664859115,5.160946818,8.21006357,5.108903301,8.429319138,5.444486296,7.7103727,7.746105886,6.417129301,9.300210191,5.320546655,4.914733882,4.350175488,5.8042483,5.340700823,8.816266554,6.103479484,7.810133336,5.903992114,4.882697314,3.206508305,5.531678989,2.399196597,2.179908764,3.308508805,4.386294302,2.140379956,7.178785725,2.520194157,4.778141096,3.091793199,3.184620304,4.645194562,4.026992756,5.837007477,4.99754946,4.46779576,1.772962997,5.026099246,4.569092009,4.45566831,5.269394093,5.488496114,4.466166777,5.029912783,5.86392579,5.164886665,5.213507193
Non-Toxic,4.923569363,3.03617777,3.271921025,5.43334251,2.9488271,6.607935274,3.070467645,6.167516906,4.702145136,5.692446319,5.983604202,5.160404528,7.965409427,3.443036265,7.195454552,6.939743338,5.993913214,8.145755159,1.949067045,4.109819529,6.37391739,4.975497148,5.429105752,8.246397127,5.029790726,7.428981528,4.451673798,5.24186044,4.007183437,4.388342022,3.400909256,1.444648949,3.202483975,4.747204845,2.265914568,6.86242949,1.644347919,4.532536507,3.554044811,3.646303686,4.869264837,4.956584189,5.455261271,4.768884703,4.168222448,1.775486028,5.020976718,5.019194535,4.997928838,4.394132174,5.042232742,4.492563951,4.143864429,5.430178082,5.750296468,5.377696814
Toxic,5.94552122,3.051662698,2.840158368,4.654525692,2.411643634,6.814344057,2.387975513,6.07499594,5.285891122,4.740821471,7.68703236,5.61377257,8.363696719,2.653430012,7.433358722,7.560836266,6.117569429,9.200319102,5.451088928,4.229984652,5.270946339,5.39195134,4.906591065,8.278279495,5.41387472,6.83160242,4.725306394,4.330080857,3.442846414,5.011419558,2.86984132,3.407202378,3.515392508,5.677969861,2.577925915,7.631142929,2.396267668,4.665391146,3.631627806,3.597823445,5.252685501,4.446621487,4.951205931,5.203998415,4.27939346,2.480695911,4.787607037,4.902989274,4.732478211,3.811031271,5.495095768,4.441274451,4.210020256,5.648932853,4.913250036,5.586614413
Toxic,6.767311502,2.199158126,2.55739706,7.466021797,1.755619891,8.141787153,2.627542361,5.109962652,7.825880793,7.367618457,8.508301698,6.106083659,9.396495179,7.133976669,8.587018581,6.334756622,6.177985233,9.371992261,4.115084755,6.25774503,4.491878999,6.681780265,5.724839002,10.35666757,6.870091058,9.211413478,6.041561365,5.737475234,5.289177844,7.096187525,2.470770638,2.645446922,3.601295503,5.509961362,2.327041852,6.893226116,2.036049453,4.922082676,3.984455604,3.257872811,5.166883234,4.550258091,3.431236735,6.312734764,4.960160938,2.632290041,5.0017033,5.960058113,5.294521937,6.119518131,6.125622721,5.445484714,4.951895383,7.943993524,5.273611097,5.156311792
Toxic,5.111463491,3.025150558,3.156116922,4.668587797,2.137256304,8.251597021,2.816841949,5.867236562,6.14201011,6.753248627,5.946813187,5.421384248,9.173612942,5.77741736,8.604173457,7.550217613,8.170109319,9.201797352,3.5461593,5.046712355,4.043639287,6.392883581,5.694080972,9.781199195,5.876579581,6.958616165,5.07442074,5.653177553,3.97878891,5.315550735,7.453073603,7.521812682,7.065624035,7.775152885,7.040152741,6.638874944,5.535151866,7.731156797,5.685883216,6.329777565,7.41348734,6.447498744,5.331768837,7.231546532,6.759152679,3.985528635,6.911982825,7.623835089,7.155019469,6.142576695,7.535030382,6.035737328,6.237743216,5.404119254,7.842638212,6.506507163
Toxic,6.62966062,3.021922757,2.831124411,7.224965729,1.590061842,9.418241051,2.451935364,3.984721448,5.330117891,6.873969523,8.498285429,6.366830821,10.45096899,5.49158172,9.654181873,5.669263265,6.519279558,10.23286806,5.795561823,6.677541759,3.664385425,7.083732671,5.866393987,10.49576749,6.579947516,9.369425279,7.589990724,5.811561369,5.032702658,6.870150833,2.710800598,3.659864229,3.988587314,4.378623953,2.764052686,7.359653074,2.866909457,5.093252146,3.582434996,3.316497036,6.26340213,4.696386197,5.600964707,6.263274742,5.293269089,2.162393131,5.108170119,6.160876091,5.904446756,7.110201364,6.077089051,5.35515218,4.493339707,8.005093639,6.428116095,7.392580805
Toxic,6.776839807,2.561017595,2.246790391,5.429508361,1.76299278,9.5618117,2.401118591,3.813839978,5.327663141,7.59588182,8.721938148,6.383102556,10.89856544,5.865063042,10.00828777,5.679591539,6.467527503,10.39078962,5.374296316,7.638161919,3.505615871,7.203127227,6.058388208,10.32180803,7.26660407,8.702950806,6.800171129,5.690028024,6.550778582,7.875426174,3.426829302,3.948657284,4.416736595,4.464365035,3.032033725,7.136985973,2.998970936,6.203420002,3.86452021,3.813606623,7.058152979,5.736483656,6.225212112,6.574512075,6.02084158,2.13924749,5.26680621,6.937767167,6.850161132,7.201061661,5.83746491,6.175895628,5.700765572,9.126310851,5.905040543,6.551399491
Toxic,5.015000747,2.84354401,2.463013847,4.651037634,1.767413787,7.112516082,2.386602599,6.251186601,5.944203554,5.962067039,8.090640457,5.455346964,8.434112739,4.54975566,7.593085491,8.252507373,6.061402961,9.378614754,5.172936368,4.486016153,4.560515028,5.640679978,4.878489531,9.010057518,4.763452669,7.959262932,5.328193418,5.163439667,4.113862595,5.232041666,2.943703521,3.466244797,2.896172656,4.776067096,2.165707456,7.595774083,2.07666814,4.511431942,3.402245023,3.293524734,5.243286347,4.595019319,5.373932379,5.047407954,4.535062097,1.618833999,4.78582887,4.513246749,5.072305297,5.107639135,5.497998653,4.358182014,4.817729548,6.521550406,6.028355923,6.008157664
Toxic,5.425979736,3.405619113,2.947833157,4.055761583,3.917177707,7.506152586,2.518832834,6.473828256,5.873746714,5.769584496,7.96640598,5.952448763,8.856370868,5.246555299,8.302862665,8.171527588,6.152984178,9.373448555,4.737670118,4.853102396,2.516783831,6.0875042,5.11705457,9.669690589,6.466689873,6.93925394,5.420227126,5.672837686,3.649040602,5.71928305,3.03501341,2.744794836,3.060618972,3.811964444,2.225843269,7.587232101,1.91316606,4.500372354,3.177748102,3.502745818,5.03265758,4.546217836,5.487742352,5.125168705,4.553785287,2.067535727,4.838260703,5.633794442,5.711723423,5.36756812,5.537484864,4.597759213,4.803606054,5.840290923,5.108448665,6.172291504
Toxic,10.62257198,5.688379472,2.501099155,5.939676509,1.559477985,8.036928091,3.841944415,5.571970852,7.013455672,8.087014779,8.689555159,8.117444358,9.489427044,5.656796341,8.596554691,5.513139294,8.403167615,9.984285654,6.695107491,6.309432022,4.254219308,8.327232044,5.584124416,9.998986951,6.850892905,8.681260761,5.453001108,6.064893382,4.754469783,6.869139518,2.580380881,3.217934,5.078277023,4.750129705,2.881362167,6.93843644,2.581789151,5.577430102,3.431634399,3.650279344,5.683791652,4.827559736,5.724209862,6.240193701,5.403860059,1.952323964,5.779836296,6.781387702,5.380235152,6.008699199,6.386133307,6.109283374,4.922729771,7.612833285,6.357344091,5.23403378
